,Dataset,Tool,Location,Accuracy,Average-Precision,ROC-AUC,Macro-F1,Micro-F1,Macro-Precision,Micro-Precision,Macro-Recall,Micro-Recall,F1_5mC,F1_5C,Precision_5mC,Precision_5C,Recall_5mC,Recall_5C,Corr_Mix,Corr_All,Corr_mixedSupport,Corr_allSupport,mCsites_called,Csites_called,mCsites,Csites,referenceCpGs,prefix,coord
0,K562,DeepMod,Genome-wide,0.7667359914721991,0.1715670426592961,0.5198673509051229,0.5203032933988104,0.7667359914721991,0.5261162132252393,0.7667359914721991,0.5198673509051229,0.7667359914721991,0.17648218633199605,0.8641244004656249,0.21060941384284346,0.8416230126076352,0.1518726808192533,0.8878620209909927,0.05494407297653831,0.053057734962161804,15251,21629,293249,2177728,268441,1324977,1593418,K562_WGBS.DeepMod,x.x.Genome-wide
1,K562,DeepMod,Singletons,0.802147093791427,0.14489601471565822,0.5179262134656702,0.5183417259854629,0.802147093791427,0.5254096592256663,0.802147093791427,0.5179262134656701,0.802147093791427,0.1486158767221455,0.8880675752487807,0.1852607790240901,0.8655585394272426,0.12407385395617893,0.9117785729751614,0.05101297395688582,0.06511092454541123,10969,15012,169032,1644396,166353,999179,1165532,K562_WGBS.DeepMod,x.x.Singletons
2,K562,DeepMod,Non-singletons,0.6690771334151523,0.23668750046673545,0.5055151125308753,0.5043685464237984,0.6690771334151523,0.5064635609006647,0.6690771334151523,0.5055151125308753,0.6690771334151523,0.2186505799131028,0.7900865129344941,0.2451033272418429,0.7678237945594864,0.19735144840639648,0.8136787766553542,0.02477443507484559,0.014756259186380394,4282,6617,124217,533332,102088,325798,427886,K562_WGBS.DeepMod,x.x.Non-singletons
3,K562,DeepMod,CpG Island,0.7236234479901549,0.12090249537685407,0.5048329342918917,0.4965449323536026,0.7236234479901549,0.5030883354377642,0.7236234479901549,0.5048329342918917,0.7236234479901549,0.158426862072164,0.8346630026350412,0.12472980078284746,0.8814468700926809,0.2170708149051904,0.7925950536785931,-0.0330256254229546,-0.020159094501345325,1388,2756,68468,259816,25665,185801,211466,K562_WGBS.DeepMod,ONT.hg38.cpgIslandExt.bed
6,K562,DeepMod,Exons,0.6653126132686348,0.24450546463260125,0.4968884913502983,0.4922225994436502,0.6653126132686348,0.49592394540439705,0.6653126132686348,0.4968884913502983,0.6653126132686348,0.19575810362279605,0.7886870952645044,0.23886484623338824,0.7529830445754058,0.16583135028781856,0.8279456324127781,-0.027879498090781503,-0.0841166465565292,1682,2902,52222,254019,49299,149225,198524,K562_WGBS.DeepMod,ONT.hg38.exonFeature.bed
8,K562,DeepMod,Intergenic,0.8660383952022906,0.05837106468033446,0.5350497411408035,0.5211233857263736,0.8660383952022906,0.5195969706089325,0.8660383952022906,0.5350497411408035,0.8660383952022906,0.11471013305123888,0.9275366384015084,0.0878580394841949,0.9513359017336702,0.16520041198180413,0.9048990702998028,0.11800711800647258,0.12210897098807308,5634,7450,87630,799460,30607,525245,555852,K562_WGBS.DeepMod,ONT.hg38.intergenic.bed
9,K562,DeepMod,Introns,0.7173555234348962,0.24174605744740865,0.5182283677617383,0.5107172251621086,0.7173555234348961,0.5317160211436431,0.7173555234348962,0.5182283677617383,0.7173555234348962,0.19274779272136408,0.8286866576028532,0.2896959086696188,0.7737361336176675,0.14441771604168652,0.8920390194817901,0.020247332651313968,0.048522532363918916,7282,10292,135946,1031181,180426,587731,768157,K562_WGBS.DeepMod,ONT.hg38.intronFeature.bed
14,K562,DeepMod,Promoters,0.7355342660373063,0.12209237258207695,0.4926620503731563,0.4904820115496005,0.7355342660373063,0.4946829578778966,0.7355342660373063,0.4926620503731562,0.7355342660373063,0.13712874388137702,0.8438352792178241,0.11488117550041232,0.8744847402553808,0.1700625915567985,0.8152615091895141,-0.024934818530972774,-0.05302264753159977,1129,2446,66695,297908,29630,206501,236131,K562_WGBS.DeepMod,ONT.hg38.promoterFeature500.bed
17,K562,DeepMod,Discordant,0.40202702702702703,0.651463963963964,0.5060096153846154,0.3772865038331253,0.40202702702702703,0.5106241699867198,0.40202702702702703,0.5060096153846154,0.40202702702702703,0.2531645569620253,0.5014084507042254,0.6666666666666666,0.3545816733067729,0.15625,0.8557692307692307,0.0,0.0,0,0,45,251,125,68,193,K562_WGBS.DeepMod,K562_WGBS.hg38_nonsingletons.discordant.bed
18,K562,DeepMod,Concordant,0.7603571946094769,0.08611138997276384,0.5063614482081678,0.4928343173283774,0.7603571946094768,0.5032344200688297,0.7603571946094769,0.5063614482081678,0.7603571946094769,0.12448879653771325,0.8611798381190415,0.09030858152351326,0.916160258614146,0.20029812606473596,0.8124247703515997,0.0,-0.005321752590435779,0,906,52077,223963,15810,166083,181893,K562_WGBS.DeepMod,K562_WGBS.hg38_nonsingletons.concordant.bed
19,K562,Nanopolish,Genome-wide,0.9559578037120936,0.7829169125740266,0.9456189636488328,0.9249450672874384,0.9559578037120936,0.9073149620915806,0.9559578037120936,0.9456189636488328,0.9559578037120936,0.8766992504160772,0.9731908841587994,0.8291516967420924,0.9854782274410686,0.9300317525973868,0.9612061747002788,0.8819756652166956,0.9054368356270605,15251,21629,368795,1584173,268441,1324977,1593418,K562_WGBS.Nanopolish,x.x.Genome-wide
20,K562,Nanopolish,Singletons,0.952148834359222,0.7334965753744113,0.9424064497210264,0.9094150436941648,0.952148834359222,0.8832677326242089,0.952148834359222,0.9424064497210264,0.952148834359222,0.8471973728909524,0.9716327144973772,0.7787979097703662,0.9877375554780516,0.9287682796633314,0.9560446197787212,0.8925655036851018,0.9095511056153134,10969,15012,240165,1169832,166353,999179,1165532,K562_WGBS.Nanopolish,x.x.Singletons
21,K562,Nanopolish,Non-singletons,0.9658490048271454,0.8763677746329404,0.9541233576851798,0.952616676204286,0.9658490048271454,0.9511332823506606,0.9658490048271454,0.9541233576851798,0.9658490048271454,0.9275768736549797,0.9776564787535924,0.9231672238202596,0.9790993408810618,0.932028852417842,0.9762178629525176,0.8519130975688267,0.8960114746245369,4282,6617,128630,414341,102088,325798,427886,K562_WGBS.Nanopolish,x.x.Non-singletons
22,K562,Nanopolish,CpG Island,0.9738196809859232,0.80751745900349,0.9506045074149216,0.9390143889593808,0.9738196809859232,0.928223279373098,0.9738196809859232,0.9506045074149216,0.9738196809859232,0.8929424669060748,0.9850863110126864,0.8672835001897201,0.9891630585564756,0.9201659853833768,0.9810430294464664,0.7225151499971971,0.839433482806712,1388,2756,34261,237890,25665,185801,211466,K562_WGBS.Nanopolish,ONT.hg38.cpgIslandExt.bed
25,K562,Nanopolish,Exons,0.9646671750909374,0.8780899425469068,0.9540049007071127,0.9524131772001632,0.9646671750909374,0.9508491603655276,0.9646671750909374,0.9540049007071127,0.9646671750909374,0.9282651166938236,0.9765612377065028,0.9234814026258912,0.9782169181051638,0.9330986489349564,0.9749111524792691,0.8649282452439429,0.9197626402957636,1682,2902,61998,188449,49299,149225,198524,K562_WGBS.Nanopolish,ONT.hg38.exonFeature.bed
27,K562,Nanopolish,Intergenic,0.9546878585170412,0.5087755049000288,0.9329769418892548,0.832099328325976,0.9546878585170412,0.7744393858365093,0.9546878585170412,0.9329769418892548,0.9546878585170412,0.6886326194398682,0.9755660372120838,0.5544217687074829,0.9944570029655356,0.9085744765968796,0.9573794071816298,0.8601489117926552,0.8643405974115057,5634,7450,61446,618438,30607,525245,555852,K562_WGBS.Nanopolish,ONT.hg38.intergenic.bed
28,K562,Nanopolish,Introns,0.9538733329905036,0.8357202806934421,0.9468905242221036,0.9373440823929248,0.9538733329905036,0.9287360767570244,0.9538733329905036,0.9468905242221036,0.9538733329905036,0.9051624826261544,0.9695256821596951,0.8783375939399639,0.9791345595740848,0.9336774803349979,0.9601035681092092,0.8653053877343315,0.9032206018170575,7282,10292,233926,699482,180426,587731,768157,K562_WGBS.Nanopolish,ONT.hg38.intronFeature.bed
33,K562,Nanopolish,Promoters,0.9721807287837304,0.8034550241420727,0.9517908367767796,0.937329934468052,0.9721807287837304,0.9241167572391732,0.9721807287837304,0.9517908367767796,0.9721807287837304,0.8905955620682436,0.9840643068678608,0.8588407479371167,0.9893927665412297,0.9247887400483656,0.9787929335051936,0.8441325255250285,0.9068263918757492,1129,2446,39629,260954,29630,206501,236131,K562_WGBS.Nanopolish,ONT.hg38.promoterFeature500.bed
36,K562,Nanopolish,Discordant,0.6147186147186147,0.6837647810802173,0.5779587493861515,0.5781644335925478,0.6147186147186147,0.578395061728395,0.6147186147186147,0.5779587493861515,0.6147186147186147,0.7023411371237458,0.4539877300613497,0.7,0.4567901234567901,0.7046979865771812,0.451219512195122,0.0,0.0,0,0,150,81,125,68,193,K562_WGBS.Nanopolish,K562_WGBS.hg38_nonsingletons.discordant.bed
37,K562,Nanopolish,Concordant,0.98039651803782,0.8017704292417661,0.9642182850178396,0.940292873305868,0.98039651803782,0.919251370962141,0.98039651803782,0.9642182850178392,0.98039651803782,0.8913595166163142,0.9892262299954221,0.8437042459736457,0.9947984959506364,0.9447205287156104,0.9837160413200684,0.0,0.9271428523004502,0,906,21856,207440,15810,166083,181893,K562_WGBS.Nanopolish,K562_WGBS.hg38_nonsingletons.concordant.bed
38,K562,Tombo,Genome-wide,0.8727782164160508,0.5402164680176816,0.8838326615366225,0.8125941309336775,0.8727782164160508,0.7790791485321465,0.8727782164160508,0.8838326615366225,0.8727782164160508,0.7063921966585145,0.9187960652088404,0.5810942813235679,0.9770640157407252,0.9005786278254425,0.8670866952478026,0.792530422450126,0.8255782071394385,15251,21629,489344,1368679,268441,1324977,1593418,K562_WGBS.Tombo,x.x.Genome-wide
39,K562,Tombo,Singletons,0.8684930839089356,0.4905493607040678,0.8841419759621886,0.7920273663891,0.8684930839089356,0.7541488631125605,0.8684930839089356,0.8841419759621885,0.8684930839089356,0.6659211545930611,0.9181335781851389,0.5263708981321912,0.9819268280929296,0.9061603194542316,0.8621236324701453,0.8065990046925107,0.8320882705015813,10969,15012,337133,1016811,166353,999179,1165532,K562_WGBS.Tombo,x.x.Singletons
40,K562,Tombo,Non-singletons,0.8842879786700101,0.6518950720367396,0.8867556813293256,0.8532050998835508,0.8842879786700101,0.8326565540551757,0.8842879786700101,0.8867556813293256,0.8842879786700101,0.7856565389307816,0.9207536608363199,0.7023014105419451,0.9630116975684064,0.8914629773252275,0.8820483853334236,0.7537093113366917,0.8114787156516734,4282,6617,152211,351868,102088,325798,427886,K562_WGBS.Tombo,x.x.Non-singletons
41,K562,Tombo,CpG Island,0.8853818222268129,0.4541840845392582,0.8768131920627289,0.7854671305140344,0.8853818222268129,0.7433981474215111,0.8853818222268129,0.8768131920627289,0.8853818222268129,0.6390602129283275,0.9318740480997414,0.5064945366569497,0.9803017581860726,0.865620551752186,0.8880058323732719,0.6289246380160483,0.7483507819799402,1388,2756,50427,201287,25665,185801,211466,K562_WGBS.Tombo,ONT.hg38.cpgIslandExt.bed
44,K562,Tombo,Exons,0.8832089155447798,0.658482344588849,0.8869160579629835,0.8545019182831003,0.8832089155447799,0.8348444430439662,0.8832089155447798,0.8869160579629836,0.8832089155447798,0.7898736502154299,0.9191301863507708,0.7073481639870061,0.9623407221009264,0.8941987801497089,0.8796333357762581,0.8116816242954152,0.8687879579025903,1682,2902,72957,162138,49299,149225,198524,K562_WGBS.Tombo,ONT.hg38.exonFeature.bed
46,K562,Tombo,Intergenic,0.8654065030537484,0.2530239098326502,0.8735631642267034,0.6739943926885871,0.8654065030537484,0.6355823286771218,0.8654065030537484,0.8735631642267034,0.8654065030537484,0.4241916279193524,0.9237971574578218,0.2791713727859351,0.9919932845683084,0.8827519379844961,0.8643743904689106,0.6792573541154691,0.6989878850597036,5634,7450,114213,528931,30607,525245,555852,K562_WGBS.Tombo,ONT.hg38.intergenic.bed
47,K562,Tombo,Introns,0.8748861830711825,0.6348857171607636,0.8856201635262567,0.8439171296195385,0.8748861830711825,0.8217599143953978,0.8748861830711825,0.8856201635262568,0.8748861830711825,0.7743920351881141,0.9134422240509632,0.6761549705547513,0.9673648582360443,0.9060266490889402,0.8652136779635734,0.8127554585947483,0.850628449301384,7282,10292,284596,611580,180426,587731,768157,K562_WGBS.Tombo,ONT.hg38.intronFeature.bed
52,K562,Tombo,Promoters,0.8852791552438977,0.4758445508080629,0.8868749241998855,0.7936254688624941,0.8852791552438977,0.7512923642620697,0.8852791552438977,0.8868749241998855,0.8852791552438977,0.6560937032445604,0.9311572344804274,0.5198922818962451,0.9826924466278943,0.8889918619131745,0.8847579864865963,0.8124848328266707,0.8495894464550192,1129,2446,59043,221464,29630,206501,236131,K562_WGBS.Tombo,ONT.hg38.promoterFeature500.bed
55,K562,Tombo,Discordant,0.759656652360515,0.7910479759817848,0.7487550200803212,0.7431900488112109,0.759656652360515,0.7396687819223031,0.759656652360515,0.7487550200803212,0.759656652360515,0.8082191780821917,0.6781609195402301,0.8309859154929577,0.6483516483516484,0.7866666666666666,0.7108433734939759,0.0,0.0,0,0,142,91,125,68,193,K562_WGBS.Tombo,K562_WGBS.hg38_nonsingletons.discordant.bed
56,K562,Tombo,Concordant,0.8912658056126005,0.4007877310684964,0.8956057521967986,0.7622497672907942,0.8912658056126005,0.7125551601557869,0.8912658056126005,0.8956057521967986,0.8912658056126005,0.5871109847946568,0.9373885497869314,0.435456246212221,0.9896540740993528,0.900844916871082,0.8903665875225152,0.0,0.8049968349262888,0,906,37951,175818,15810,166083,181893,K562_WGBS.Tombo,K562_WGBS.hg38_nonsingletons.concordant.bed
57,K562,Megalodon,Genome-wide,0.958690394349396,0.7959323434102857,0.9524523469317422,0.9299462128498632,0.958690394349396,0.9109735930924329,0.958690394349396,0.9524523469317422,0.958690394349396,0.8850726262696358,0.9748197994300908,0.8338200177546147,0.9881271684302512,0.9430385986395264,0.961866095223958,0.8660177079230469,0.8969929860794452,15251,21629,435943,1849264,268441,1324977,1593418,K562_WGBS.Megalodon,x.x.Genome-wide
58,K562,Megalodon,Singletons,0.9600755269913692,0.7703492975439672,0.9520466071984526,0.9234161858860424,0.9600755269913692,0.8998663606334226,0.9600755269913692,0.9520466071984526,0.9600755269913692,0.8704302239267598,0.9764021478453248,0.8098429176243763,0.9898898036424688,0.9408161133281796,0.9632771010687255,0.8736351164255118,0.8997316660180689,10969,15012,278007,1400863,166353,999179,1165532,K562_WGBS.Megalodon,x.x.Singletons
59,K562,Megalodon,Non-singletons,0.9548551383141718,0.8421666185640105,0.9520649386751546,0.9399277365776728,0.9548551383141718,0.9293230994450818,0.9548551383141718,0.9520649386751546,0.9548551383141718,0.9099824062350989,0.9698730669202468,0.8760257319420525,0.9826204669481112,0.9466777056291866,0.9574521717211226,0.8421742182683265,0.8904087478170646,4282,6617,157936,448401,102088,325798,427886,K562_WGBS.Megalodon,x.x.Non-singletons
60,K562,Megalodon,CpG Island,0.9598569695928194,0.7372404567718964,0.9481510013464508,0.9136544723337696,0.9598569695928194,0.8859914654017294,0.9598569695928194,0.9481510013464508,0.9598569695928194,0.8504929412778318,0.9768160033897076,0.7816388398714991,0.9903440909319596,0.9326494803617222,0.9636525223311792,0.7553630828539061,0.8557699401169472,1388,2756,44202,258391,25665,185801,211466,K562_WGBS.Megalodon,ONT.hg38.cpgIslandExt.bed
63,K562,Megalodon,Exons,0.9577520252025202,0.8570285115226108,0.9503453670480486,0.9442751171486794,0.9577520252025202,0.9386171829246519,0.9577520252025202,0.9503453670480484,0.9577520252025202,0.9168707539468404,0.9716794803505184,0.8988863115343398,0.9783480543149642,0.9355895350643116,0.9651011990317854,0.8904433930054441,0.9307826465116072,1682,2902,73719,210697,49299,149225,198524,K562_WGBS.Megalodon,ONT.hg38.exonFeature.bed
65,K562,Megalodon,Intergenic,0.9595414308159579,0.5426017384964765,0.9440342866090752,0.8463039841256659,0.9595414308159579,0.7884275012911692,0.9595414308159579,0.9440342866090752,0.9595414308159579,0.7143792161551283,0.9782287520962036,0.5812434320770258,0.9956115705053126,0.9266260668764574,0.9614425063416929,0.7737781713754099,0.8024257829425414,5634,7450,70418,738533,30607,525245,555852,K562_WGBS.Megalodon,ONT.hg38.intergenic.bed
66,K562,Megalodon,Introns,0.9585286994285168,0.8518383680350231,0.9550401697433956,0.9441180144632508,0.9585286994285168,0.9344054597294718,0.9585286994285168,0.9550401697433956,0.9585286994285168,0.9157402469540962,0.9724957819724056,0.8852616816702058,0.9835492377887378,0.9483923295289959,0.9616880099577948,0.8790880792904114,0.9135833282036044,7282,10292,277379,812242,180426,587731,768157,K562_WGBS.Megalodon,ONT.hg38.intronFeature.bed
71,K562,Megalodon,Promoters,0.9625150969319474,0.7572359609409371,0.950285780402303,0.9205838248436604,0.9625150969319474,0.8960464341092376,0.9625150969319474,0.9502857804023028,0.9625150969319474,0.8628774885477952,0.9782901611395258,0.8018763240189649,0.99021654419951,0.933923913809714,0.9666476469948918,0.8634192084305106,0.9144761600818394,1129,2446,49565,287424,29630,206501,236131,K562_WGBS.Megalodon,ONT.hg38.promoterFeature500.bed
74,K562,Megalodon,Discordant,0.9343065693430656,0.9427574189117698,0.9317367415193504,0.927127659574468,0.9343065693430656,0.9230454119850188,0.9343065693430656,0.9317367415193504,0.9343065693430656,0.95,0.904255319148936,0.9606741573033708,0.8854166666666666,0.9395604395604396,0.9239130434782608,0.0,0.0,0,0,178,96,125,68,193,K562_WGBS.Megalodon,K562_WGBS.hg38_nonsingletons.discordant.bed
75,K562,Megalodon,Concordant,0.9646139814283357,0.6995233331269959,0.9620110585855968,0.9032468441547876,0.9646139814283357,0.8608474538005013,0.9646139814283357,0.9620110585855968,0.9646139814283357,0.8261919014424469,0.9803017868671284,0.7257769032433166,0.9959180043576858,0.9588543767648244,0.9651677404063692,0.0,0.9215032095192978,0,906,29476,224890,15810,166083,181893,K562_WGBS.Megalodon,K562_WGBS.hg38_nonsingletons.concordant.bed
76,K562,DeepSignal,Genome-wide,0.9492105701224588,0.7557303197946583,0.9433321162357386,0.9146197236265662,0.9492105701224588,0.8916703615673166,0.9492105701224588,0.9433321162357386,0.9492105701224588,0.8602747511469493,0.9689646961061832,0.7969749120474824,0.9863658110871508,0.9344973264214866,0.9521669060499908,0.8845516122724933,0.9104602505599158,15251,21629,459623,1883207,268441,1324977,1593418,K562_WGBS.DeepSignal,x.x.Genome-wide
77,K562,DeepSignal,Singletons,0.9446031158890535,0.702323298450807,0.9397827352650218,0.8969931148304573,0.9446031158890535,0.8654887739137489,0.9446031158890535,0.9397827352650217,0.9446031158890535,0.8269634217569857,0.9670228079039288,0.7425360820026206,0.9884414658248774,0.9330527612399918,0.9465127092900516,0.8920895489721723,0.9125893314392808,10969,15012,306039,1410646,166353,999179,1165532,K562_WGBS.DeepSignal,x.x.Singletons
78,K562,DeepSignal,Non-singletons,0.961842704165968,0.8632551577426721,0.9532352624105542,0.9478749286015692,0.961842704165968,0.9428110733681276,0.961842704165968,0.9532352624105542,0.961842704165968,0.9208921322570178,0.9748577249461206,0.9054523908740494,0.980169755862206,0.936867564035194,0.9696029607859143,0.865139351899012,0.9063167622483916,4282,6617,153584,472561,102088,325798,427886,K562_WGBS.DeepSignal,x.x.Non-singletons
79,K562,DeepSignal,CpG Island,0.9653621891529548,0.7545276017484773,0.9354218417530841,0.920504509487306,0.9653621891529548,0.9069549457569516,0.9653621891529548,0.9354218417530841,0.9653621891529548,0.8607886552417032,0.9802203637329086,0.8281738702130279,0.9857360213008748,0.8960775953954381,0.9747660881107296,0.7540115542353386,0.8556604712160382,1388,2756,40605,273416,25665,185801,211466,K562_WGBS.DeepSignal,ONT.hg38.cpgIslandExt.bed
82,K562,DeepSignal,Exons,0.9560936162115878,0.8502901146046578,0.944805451656192,0.9412338800083324,0.9560936162115878,0.9378052943426952,0.9560936162115878,0.944805451656192,0.9560936162115878,0.9116830925270308,0.970784667489634,0.9010050794336972,0.9746055092516932,0.9226172361322452,0.9669936671801386,0.8909048935146122,0.9329959384031956,1682,2902,74024,220284,49299,149225,198524,K562_WGBS.DeepSignal,ONT.hg38.exonFeature.bed
84,K562,DeepSignal,Intergenic,0.94610359052712,0.4692356045429111,0.9333935982187276,0.8116034323542318,0.94610359052712,0.7503709273099477,0.94610359052712,0.9333935982187276,0.94610359052712,0.6524199905407535,0.97078687416771,0.5056882751878781,0.9950535794320172,0.9191116046640756,0.94767559177338,0.8328212771661052,0.8486989857326979,5634,7450,81835,736290,30607,525245,555852,K562_WGBS.DeepSignal,ONT.hg38.intergenic.bed
85,K562,DeepSignal,Introns,0.9491286942554212,0.8191250839340251,0.946346279057284,0.9313446749655584,0.9491286942554212,0.91860245451786,0.9491286942554212,0.946346279057284,0.9491286942554212,0.8964023278096456,0.9662870221214708,0.8557422969187675,0.9814626121169524,0.9411189752678398,0.951573582846728,0.8814972773851555,0.9162640339516496,7282,10292,289170,835177,180426,587731,768157,K562_WGBS.DeepSignal,ONT.hg38.intronFeature.bed
90,K562,DeepSignal,Promoters,0.9645327882387104,0.7595827727038077,0.9447350309159236,0.9219318801375675,0.9645327882387104,0.9022281732502588,0.9645327882387104,0.9447350309159236,0.9645327882387104,0.8642623665286554,0.9796013937464796,0.8160867507561884,0.9883695957443294,0.9184826659873556,0.9709873958444916,0.8735466717747682,0.9211760870213708,1129,2446,48599,302655,29630,206501,236131,K562_WGBS.DeepSignal,ONT.hg38.promoterFeature500.bed
93,K562,DeepSignal,Discordant,0.8156028368794326,0.8713880338411002,0.8349400947339092,0.8080326752893126,0.8156028368794325,0.8045295637634899,0.8156028368794326,0.8349400947339092,0.8156028368794326,0.8461538461538463,0.7699115044247787,0.934640522875817,0.6744186046511628,0.772972972972973,0.8969072164948454,0.0,0.0,0,0,153,129,125,68,193,K562_WGBS.DeepSignal,K562_WGBS.hg38_nonsingletons.discordant.bed
94,K562,DeepSignal,Concordant,0.974656939180448,0.7572115678678261,0.9605422546919468,0.9251804387134386,0.974656939180448,0.8960220022516374,0.974656939180448,0.9605422546919468,0.974656939180448,0.8643379366368805,0.9860229407899967,0.79742186914487,0.9946221353584048,0.9435133457479826,0.9775711636359109,0.0,0.9340674182099308,0,906,26686,236897,15810,166083,181893,K562_WGBS.DeepSignal,K562_WGBS.hg38_nonsingletons.concordant.bed
95,HL60,Tombo,Genome-wide,0.7861719564893459,0.3742858092201879,0.8305252034719933,0.7065741522269304,0.7861719564893459,0.6887861325474508,0.7861719564893459,0.8305252034719934,0.7861719564893459,0.5537472789468229,0.8594010255070381,0.40117152297987385,0.9764007421150278,0.8936099029775845,0.7674405039664023,0.6395668429401647,0.6686754784407383,36,113,6658,13475,2624,15177,17801,HL60_RRBS.Tombo,x.x.Genome-wide
96,HL60,Tombo,Singletons,0.7647058823529411,0.5413558942961739,0.8002669910722905,0.7519290923077901,0.7647058823529412,0.7540731524690472,0.7647058823529411,0.8002669910722905,0.7647058823529411,0.6956303365143144,0.8082278481012658,0.5708985985160758,0.9372477064220184,0.8901028277634961,0.7104311543810848,0.7922484733182587,0.7856602743242327,10,21,2426,2725,1379,3198,4577,HL60_RRBS.Tombo,x.x.Singletons
97,HL60,Tombo,Non-singletons,0.7935522627152584,0.2825148822065795,0.8399924916499351,0.6633633490850436,0.7935522627152584,0.6451004088451224,0.7935522627152584,0.8399924916499351,0.7935522627152584,0.4540158870255958,0.8727108111444914,0.30387523629489605,0.9863255813953488,0.8974180041870202,0.7825669791128497,0.5471564916159732,0.6466168837421821,26,92,4232,10750,1245,11979,13224,HL60_RRBS.Tombo,x.x.Non-singletons
98,HL60,Tombo,CpG Island,0.7816888782645073,0.16717577125177113,0.8352565837693173,0.58562587240928,0.7816888782645073,0.5865993607522635,0.7816888782645073,0.8352565837693173,0.7816888782645073,0.30059352862339656,0.8706582161951634,0.1806258628624022,0.9925728586421247,0.8950969213226908,0.7754162462159435,0.4992427612527233,0.4967544328794237,27,97,4346,12387,767,14033,14800,HL60_RRBS.Tombo,ONT.hg38.cpgIslandExt.bed
101,HL60,Tombo,Exons,0.8050545535515475,0.34256003845280925,0.8469591704003727,0.6996467543870386,0.8050545535515475,0.6753622123324474,0.8050545535515475,0.8469591704003727,0.8050545535515475,0.5217153783119366,0.8775781304621407,0.3670253651037663,0.9836990595611286,0.9017941454202076,0.7921241953805377,0.8393614333991006,0.6661670727343649,10,50,2602,6380,922,7008,7930,HL60_RRBS.Tombo,ONT.hg38.exonFeature.bed
103,HL60,Tombo,Intergenic,0.7003436426116838,0.5887585193384095,0.7172282058363252,0.6995453253765274,0.7003436426116838,0.7253981899371971,0.7003436426116838,0.7172282058363252,0.7003436426116838,0.715032679738562,0.6840579710144928,0.6139169472502806,0.8368794326241135,0.8560250391236307,0.5784313725490197,0.10718108114460724,0.6978711714144245,6,9,891,564,554,735,1289,HL60_RRBS.Tombo,ONT.hg38.intergenic.bed
104,HL60,Tombo,Introns,0.7764963503649635,0.3980330595197802,0.8304658738915351,0.7119291284154123,0.7764963503649635,0.6987673161237922,0.7764963503649635,0.8304658738915351,0.7764963503649635,0.5755475464374827,0.8483107103933419,0.4205834683954619,0.9769511638521224,0.9113257243195786,0.7496060234634915,0.8604116218883474,0.8704017740795276,10,30,2468,4382,1016,5074,6090,HL60_RRBS.Tombo,ONT.hg38.intronFeature.bed
109,HL60,Tombo,Promoters,0.8076546319619368,0.1373513228417066,0.8453941943379931,0.5731790078644001,0.8076546319619368,0.5723463551219685,0.8076546319619368,0.845394194337993,0.8076546319619368,0.25682616923492835,0.8895318464938718,0.15017388555169142,0.9945188246922456,0.8861940298507462,0.8045943588252399,0.7942764745839135,0.4851527244344126,13,80,3163,11129,484,12136,12620,HL60_RRBS.Tombo,ONT.hg38.promoterFeature500.bed
112,HL60,Tombo,Discordant,0.4,0.4555555555555556,0.4,0.2857142857142857,0.4000000000000001,0.2222222222222222,0.4,0.4,0.4,0.5714285714285714,0.0,0.4444444444444444,0.0,0.8,0.0,0.0,0.0,0,0,18,2,9,8,17,HL60_RRBS.Tombo,HL60_RRBS.hg38_nonsingletons.discordant.bed
113,HL60,Tombo,Concordant,0.8209459459459459,0.2982311325396578,0.8554400660054168,0.6830476289421968,0.8209459459459459,0.6548667846307852,0.8209459459459459,0.8554400660054167,0.8209459459459459,0.473984962406015,0.8921102954783787,0.3220269718022068,0.9877065974593636,0.8974943052391801,0.8133858267716535,0.0,0.5302760741695984,0,46,2447,7321,768,7836,8604,HL60_RRBS.Tombo,HL60_RRBS.hg38_nonsingletons.concordant.bed
114,HL60,DeepSignal,Genome-wide,0.8417848273652166,0.4542069582152278,0.8676745712371217,0.7658416569624356,0.8417848273652166,0.7331399938207857,0.8417848273652166,0.8676745712371217,0.8417848273652166,0.6324897655377745,0.8991935483870966,0.4861965384065226,0.9800834492350486,0.9047112057492679,0.8306379367249752,0.5801379962896254,0.6776543345920963,36,113,6991,17975,2624,15177,17801,HL60_RRBS.DeepSignal,x.x.Genome-wide
115,HL60,DeepSignal,Singletons,0.821196157421754,0.6101929713528086,0.842345080609192,0.8056751429926678,0.821196157421754,0.7962096327717517,0.821196157421754,0.8423450806091921,0.821196157421754,0.750755939524838,0.8605943464604977,0.6463369282261063,0.9460823373173972,0.8954147346728492,0.7892754265455352,0.6667544830718832,0.6456865127633429,10,21,2689,3765,1379,3198,4577,HL60_RRBS.DeepSignal,x.x.Singletons
116,HL60,DeepSignal,Non-singletons,0.8489628349178912,0.3615179090511889,0.8782329883545928,0.7262600171137626,0.8489628349178912,0.6875958386047634,0.8489628349178912,0.8782329883545928,0.8489628349178912,0.5429879045439686,0.9095321296835568,0.3860994886099489,0.9890921885995778,0.9146475770925111,0.8418183996166747,0.5202724775031125,0.6848200517813707,26,92,4302,14210,1245,11979,13224,HL60_RRBS.DeepSignal,x.x.Non-singletons
117,HL60,DeepSignal,CpG Island,0.8427374436964208,0.22317638566219647,0.8768925974989772,0.6445040412652439,0.8427374436964208,0.6167250735699247,0.8427374436964208,0.8768925974989772,0.8427374436964208,0.3790399694014152,0.9099681131290726,0.23902556681138445,0.9944245803284648,0.9150507848568792,0.8387344101410754,0.3961079839028843,0.4818191700406546,27,97,4146,16501,767,14033,14800,HL60_RRBS.DeepSignal,ONT.hg38.cpgIslandExt.bed
120,HL60,DeepSignal,Exons,0.8619540747411076,0.4253280647924431,0.8834591848742792,0.7617433753388856,0.8619540747411076,0.7208588600833611,0.8619540747411076,0.8834591848742792,0.8619540747411076,0.6072252113758647,0.9162615393019063,0.4552439492892816,0.9864737708774406,0.9115384615384616,0.8553799082100969,0.9486635644322444,0.7348547982434996,10,50,2603,8502,922,7008,7930,HL60_RRBS.DeepSignal,ONT.hg38.exonFeature.bed
122,HL60,DeepSignal,Intergenic,0.7302350427350427,0.6292589228294189,0.7413932221624528,0.7288247610048766,0.7302350427350427,0.7528086844414591,0.7302350427350427,0.7413932221624528,0.7302350427350427,0.7483806676631788,0.7092688543465745,0.6536118363794604,0.8520055325034578,0.8752913752913752,0.6074950690335306,-0.10574515427917763,0.5810935977053067,6,9,1149,723,554,735,1289,HL60_RRBS.DeepSignal,ONT.hg38.intergenic.bed
123,HL60,DeepSignal,Introns,0.8331164991129509,0.4747388622217678,0.8695225837713012,0.7697307157227666,0.8331164991129509,0.7408500085513938,0.8331164991129509,0.8695225837713012,0.8331164991129509,0.6489176412042796,0.8905437902412535,0.5,0.9817000171027878,0.9241672572643516,0.8148779102782511,0.811923882387666,0.8708003691534034,10,30,2608,5847,1016,5074,6090,HL60_RRBS.DeepSignal,ONT.hg38.intronFeature.bed
128,HL60,DeepSignal,Promoters,0.8722935157442478,0.20176099359798616,0.8859389460959808,0.6412148116210468,0.8722935157442478,0.607579879676009,0.8722935157442478,0.8859389460959808,0.8722935157442478,0.3532779845405096,0.929151638701584,0.21972934472934472,0.9954304146226732,0.9007299270072991,0.8711479651846624,0.9580884776596358,0.5582042482317253,13,80,2808,14881,484,12136,12620,HL60_RRBS.DeepSignal,ONT.hg38.promoterFeature500.bed
131,HL60,DeepSignal,Discordant,0.48,0.48,0.5,0.32432432432432434,0.48,0.24,0.48,0.5,0.48,0.6486486486486487,0.0,0.48,0.0,1.0,0.0,0.0,0.0,0,0,25,0,9,8,17,HL60_RRBS.DeepSignal,HL60_RRBS.hg38_nonsingletons.discordant.bed
132,HL60,DeepSignal,Concordant,0.8789931426659977,0.3963986145943471,0.8984617270331556,0.7542867512416821,0.8789931426659977,0.7067309452407369,0.8789931426659977,0.8984617270331556,0.8789931426659977,0.5792381506251817,0.9293353518581824,0.4222128020347605,0.9912490884467132,0.9222222222222224,0.8747012318440892,0.0,0.6295345969385973,0,46,2359,9599,768,7836,8604,HL60_RRBS.DeepSignal,HL60_RRBS.hg38_nonsingletons.concordant.bed
133,HL60,Megalodon,Genome-wide,0.8296130346232179,0.456197283132752,0.873096852314854,0.7604262018234662,0.8296130346232179,0.731140848317312,0.8296130346232179,0.8730968523148539,0.8296130346232179,0.6316809016465615,0.8891715020003709,0.4766144034015413,0.9856672932330828,0.936309057687288,0.80988464694242,0.6295207674998615,0.676888016358526,36,113,7526,17024,2624,15177,17801,HL60_RRBS.Megalodon,x.x.Genome-wide
134,HL60,Megalodon,Singletons,0.8255759285378468,0.6246418358073154,0.8527333048698491,0.8127173614114203,0.8255759285378468,0.8048740439225293,0.8255759285378468,0.8527333048698491,0.8255759285378468,0.7636440857931621,0.8617906370296784,0.6514492753623189,0.9582988124827396,0.92252437147255,0.782942238267148,0.7089090337069497,0.6238283593234528,10,21,2760,3621,1379,3198,4577,HL60_RRBS.Megalodon,x.x.Singletons
135,HL60,Megalodon,Non-singletons,0.8310308767681215,0.3619368299646597,0.8839003346390173,0.7174025803742564,0.8310308767681215,0.6842142195822463,0.8310308767681215,0.8839003346390173,0.8310308767681215,0.5382069795427196,0.8965981812057933,0.3753671842215695,0.9930612549429232,0.9505844845908608,0.8172161846871738,0.5780149394038461,0.6877864158289761,26,92,4766,13403,1245,11979,13224,HL60_RRBS.Megalodon,x.x.Non-singletons
136,HL60,Megalodon,CpG Island,0.8258888778845201,0.22338573944153248,0.8844053133875023,0.6360818182740764,0.82588887788452,0.614373729856599,0.8258888778845201,0.8844053133875023,0.8258888778845201,0.3732620320855615,0.8989016044625913,0.23225377107364684,0.9964936886395512,0.9500907441016334,0.818719882673371,0.4649139677631022,0.4774318758629742,27,97,4508,15686,767,14033,14800,HL60_RRBS.Megalodon,ONT.hg38.cpgIslandExt.bed
139,HL60,Megalodon,Exons,0.8488436123348018,0.4223412259355984,0.8912985953066631,0.7534763300715609,0.8488436123348018,0.7153474593307722,0.8488436123348018,0.8912985953066632,0.8488436123348018,0.6001456664238893,0.9068069937192328,0.4392324093816632,0.9914625092798812,0.9471264367816092,0.8354707538317172,0.9142171709916777,0.6990125829825584,10,50,2814,8082,922,7008,7930,HL60_RRBS.Megalodon,ONT.hg38.exonFeature.bed
141,HL60,Megalodon,Intergenic,0.7534102833158447,0.6663900346990801,0.7583194203377689,0.7481288624720946,0.7534102833158447,0.787334532166861,0.7534102833158447,0.7583194203377691,0.7534102833158447,0.7846012832263978,0.7116564417177915,0.6809864757358791,0.8936825885978429,0.9254054054054054,0.5912334352701325,-0.33407052721061004,0.6242185513954179,6,9,1257,649,554,735,1289,HL60_RRBS.Megalodon,ONT.hg38.intergenic.bed
142,HL60,Megalodon,Introns,0.817995663695495,0.4640297195007435,0.8664424542714195,0.7581797074608609,0.817995663695495,0.7337210013497899,0.817995663695495,0.8664424542714195,0.817995663695495,0.6379103762281333,0.8784490386935886,0.4827711280377222,0.9846708746618577,0.9399717514124294,0.7929131571304096,0.9453176429121021,0.9136432099652926,10,30,2757,5545,1016,5074,6090,HL60_RRBS.Megalodon,ONT.hg38.intronFeature.bed
147,HL60,Megalodon,Promoters,0.85649005090236,0.19871955754080525,0.8947034826965359,0.6309444871399147,0.85649005090236,0.6032193325960179,0.85649005090236,0.8947034826965358,0.85649005090236,0.34243307712695464,0.9194558971528748,0.20953616607200776,0.9969024991200282,0.936231884057971,0.8531750813351006,0.9580884776596358,0.504658034935422,13,80,3083,14205,484,12136,12620,HL60_RRBS.Megalodon,ONT.hg38.promoterFeature500.bed
150,HL60,Megalodon,Discordant,0.52,0.5,0.5384615384615384,0.4047619047619048,0.52,0.75,0.52,0.5384615384615384,0.52,0.6666666666666666,0.14285714285714288,0.5,1.0,1.0,0.07692307692307693,0.0,0.0,0,0,24,1,9,8,17,HL60_RRBS.Megalodon,HL60_RRBS.hg38_nonsingletons.discordant.bed
151,HL60,Megalodon,Concordant,0.8598210481465701,0.3774114970251559,0.8999736999870667,0.7361572227861904,0.8598210481465701,0.6933167355907034,0.8598210481465701,0.8999736999870667,0.8598210481465701,0.5555255336395568,0.916788911932824,0.39266615737203975,0.9939673138093672,0.9492151431209604,0.8507322568531731,0.0,0.6045080630826026,0,46,2618,9117,768,7836,8604,HL60_RRBS.Megalodon,HL60_RRBS.hg38_nonsingletons.concordant.bed
152,HL60,DeepMod,Genome-wide,0.6646360153256705,0.14681342757594718,0.4609755615786334,0.462445053860145,0.6646360153256705,0.471501699738476,0.6646360153256705,0.4609755615786334,0.6646360153256705,0.13276528286931535,0.7921248248509748,0.11036073134574204,0.8326426681312098,0.16658378915962208,0.7553673339976447,-0.023115194753156987,-0.12681186825440371,36,113,6071,20029,2624,15177,17801,HL60_RRBS.DeepMod,x.x.Genome-wide
153,HL60,DeepMod,Singletons,0.6174366616989568,0.2981049978983296,0.4822523690095138,0.4646078290432248,0.6174366616989568,0.4722114933649682,0.6174366616989568,0.4822523690095138,0.6174366616989568,0.17856,0.7506556580864496,0.2578558225508318,0.6865671641791045,0.1365638766519824,0.8279408613670453,-0.0005240577612602992,-0.04798276608165017,10,21,1082,5628,1379,3198,4577,HL60_RRBS.DeepMod,x.x.Singletons
154,HL60,DeepMod,Non-singletons,0.6809695719443012,0.09738227962375998,0.4667443049498338,0.4588862011216009,0.6809695719443012,0.4840511495959815,0.6809695719443012,0.4667443049498338,0.6809695719443012,0.11222732491389206,0.8055450773293097,0.07837241932250953,0.8897298798694535,0.1975745325922183,0.7359140773074493,-0.07843669686220703,-0.14714942372672415,26,92,4989,14401,1245,11979,13224,HL60_RRBS.DeepMod,x.x.Non-singletons
155,HL60,DeepMod,CpG Island,0.7221110438870014,0.05159246117995411,0.4775283351053873,0.4546248841625655,0.7221110438870015,0.4938712307922317,0.7221110438870014,0.4775283351053874,0.7221110438870014,0.07268209349277839,0.8365676748323526,0.044234404536862,0.9435080570476014,0.20365535248041772,0.751401317730357,-0.1893136800113092,-0.1982266984412706,27,97,5290,16197,767,14033,14800,HL60_RRBS.DeepMod,ONT.hg38.cpgIslandExt.bed
158,HL60,DeepMod,Exons,0.6854407452130412,0.1120289291766862,0.4624389051808407,0.4610533171840461,0.6854407452130412,0.4784446206966468,0.6854407452130412,0.4624389051808406,0.6854407452130412,0.11329929491855092,0.8088073394495413,0.08475809385230994,0.8721311475409836,0.17082111436950145,0.7540566959921798,0.35081515679403563,0.010623508758980507,10,50,2749,8845,922,7008,7930,HL60_RRBS.DeepMod,ONT.hg38.exonFeature.bed
160,HL60,DeepMod,Intergenic,0.47105393369619,0.4664054000461609,0.4594642167216786,0.4030782603458056,0.47105393369619,0.4316102508106677,0.47105393369619,0.4594642167216786,0.47105393369619,0.20164301717699776,0.6045135035146134,0.3698630136986301,0.4933574879227053,0.13860369609856266,0.7803247373447947,0.5232830232882931,-0.1061771308009614,6,9,365,1656,554,735,1289,HL60_RRBS.DeepMod,ONT.hg38.intergenic.bed
161,HL60,DeepMod,Introns,0.6634484325306679,0.16180837318422595,0.467194314651055,0.4683818329856736,0.6634484325306679,0.4736440224989962,0.6634484325306679,0.4671943146510549,0.6634484325306679,0.14635551714203401,0.7904081488293132,0.12795969773299748,0.8193283472649948,0.17092866756393002,0.7634599617381799,0.017490596377216918,-0.23566310385037303,10,30,1985,6819,1016,5074,6090,HL60_RRBS.DeepMod,ONT.hg38.intronFeature.bed
166,HL60,DeepMod,Promoters,0.728427222403126,0.03704089101263116,0.4659449099351652,0.4454887547231395,0.7284272224031259,0.4931480829481447,0.728427222403126,0.4659449099351653,0.728427222403126,0.04939209726443769,0.8415854121818412,0.028590279305036288,0.957705886591253,0.1813110181311018,0.7505788017392286,0.06369484608712023,0.0020774841225196174,13,80,4547,13879,484,12136,12620,HL60_RRBS.DeepMod,ONT.hg38.promoterFeature500.bed
169,HL60,DeepMod,Discordant,0.56,0.5111111111111111,0.5448717948717949,0.4761904761904762,0.56,0.606060606060606,0.56,0.5448717948717949,0.56,0.26666666666666666,0.6857142857142856,0.6666666666666666,0.5454545454545454,0.16666666666666666,0.9230769230769232,0.0,0.0,0,0,3,22,9,8,17,HL60_RRBS.DeepMod,HL60_RRBS.hg38_nonsingletons.discordant.bed
170,HL60,DeepMod,Concordant,0.6974346679453368,0.08772880974543268,0.4765260433766585,0.464075096564232,0.6974346679453368,0.4896269357037252,0.6974346679453368,0.4765260433766585,0.6974346679453368,0.11043233082706767,0.8177178623013962,0.0753688261706222,0.903885045236828,0.20650263620386644,0.7465494505494505,0.0,-0.2050636238699814,0,46,3118,9395,768,7836,8604,HL60_RRBS.DeepMod,HL60_RRBS.hg38_nonsingletons.concordant.bed
171,HL60,Nanopolish,Genome-wide,0.8474036317298502,0.47042415714591995,0.8803858989522527,0.7743219483690317,0.8474036317298501,0.7401688790298226,0.8474036317298502,0.8803858989522527,0.8474036317298502,0.645897138029359,0.9027467587087044,0.4954633830200907,0.9848743750395544,0.9275098574461632,0.8332619404583422,0.6687151659150451,0.7338259881212011,36,113,6172,15801,2624,15177,17801,HL60_RRBS.Nanopolish,x.x.Genome-wide
172,HL60,Nanopolish,Singletons,0.8355716878402903,0.6344668014650887,0.8604213933330983,0.821441754657052,0.8355716878402903,0.8112676437643189,0.8355716878402903,0.8604213933330982,0.8355716878402903,0.7712121212121212,0.871671388101983,0.662472885032538,0.9600624024961,0.9226586102719032,0.7981841763942932,0.7502845173161121,0.7188008235341093,10,21,2305,3205,1379,3198,4577,HL60_RRBS.Nanopolish,x.x.Singletons
173,HL60,Nanopolish,Non-singletons,0.8513636639737593,0.3758925482448344,0.8873926583580708,0.7332832791269226,0.8513636639737593,0.6935509119802175,0.8513636639737593,0.8873926583580709,0.8513636639737593,0.5558177527681974,0.9107488054856476,0.39591414533229896,0.991187678628136,0.9323995127892812,0.8423858039268606,0.6124028121924046,0.7372026080583257,26,92,3867,12596,1245,11979,13224,HL60_RRBS.Nanopolish,x.x.Non-singletons
174,HL60,Nanopolish,CpG Island,0.8454669953437415,0.23796997929174846,0.8881708546553838,0.6533493473966293,0.8454669953437415,0.6231105041390111,0.8454669953437415,0.8881708546553837,0.8454669953437415,0.39528403001071816,0.9114146647825404,0.2505434782608696,0.9956775300171526,0.936040609137056,0.8403011001737116,0.5044074478725747,0.5595829991109372,27,97,3680,14575,767,14033,14800,HL60_RRBS.Nanopolish,ONT.hg38.cpgIslandExt.bed
177,HL60,Nanopolish,Exons,0.8691872219975738,0.4511932537287562,0.9019516763542552,0.7744988669139943,0.8691872219975738,0.7311417218253867,0.8691872219975738,0.9019516763542552,0.8691872219975738,0.6283744974152786,0.9206232364127099,0.4707401032702238,0.9915433403805496,0.9447322970639032,0.8591710556446073,0.9716027991293076,0.7921158329740091,10,50,2324,7568,922,7008,7930,HL60_RRBS.Nanopolish,ONT.hg38.exonFeature.bed
179,HL60,Nanopolish,Intergenic,0.7513227513227513,0.6524996934010704,0.7616820092055233,0.7493738028584056,0.7513227513227513,0.7774727460810058,0.7513227513227513,0.7616820092055233,0.7513227513227513,0.7714748784440841,0.7272727272727272,0.6723163841807911,0.8826291079812206,0.9049429657794676,0.618421052631579,-0.34412029816978096,0.6640165077041252,6,9,1062,639,554,735,1289,HL60_RRBS.Nanopolish,ONT.hg38.intergenic.bed
180,HL60,Nanopolish,Introns,0.8368852459016394,0.4750411502643765,0.8770722775468414,0.7712978857023237,0.8368852459016394,0.7408439941679534,0.8368852459016394,0.8770722775468414,0.8368852459016394,0.6488235294117648,0.8937722419928826,0.4963996399639964,0.9852883483719106,0.9363327674023768,0.8178117876913058,0.9330655093766724,0.8858906571503632,10,30,2222,5098,1016,5074,6090,HL60_RRBS.Nanopolish,ONT.hg38.intronFeature.bed
185,HL60,Nanopolish,Promoters,0.8774164639610805,0.2174402738137232,0.9028732849498924,0.6509813714624845,0.8774164639610805,0.6138079332377151,0.8774164639610805,0.9028732849498924,0.8774164639610805,0.3698585060875288,0.93210423683744,0.2308008213552361,0.996815045120194,0.9304635761589404,0.8752829937408443,0.9580884776596358,0.5995124497270359,13,80,2435,13187,484,12136,12620,HL60_RRBS.Nanopolish,ONT.hg38.promoterFeature500.bed
188,HL60,Nanopolish,Discordant,0.5263157894736842,0.5263157894736842,0.5,0.3448275862068966,0.5263157894736842,0.2631578947368421,0.5263157894736842,0.5,0.5263157894736842,0.6896551724137931,0.0,0.5263157894736842,0.0,1.0,0.0,0.0,0.0,0,0,19,0,9,8,17,HL60_RRBS.Nanopolish,HL60_RRBS.hg38_nonsingletons.discordant.bed
189,HL60,Nanopolish,Concordant,0.883245382585752,0.4116065327461036,0.9098537679465796,0.761822337178462,0.883245382585752,0.7124341055414973,0.883245382585752,0.9098537679465796,0.883245382585752,0.5917627677100494,0.9318819066468744,0.4313160422670509,0.9935521688159438,0.9422875131164744,0.8774200227766851,0.0,0.6657363630334344,0,46,2082,8530,768,7836,8604,HL60_RRBS.Nanopolish,HL60_RRBS.hg38_nonsingletons.concordant.bed
